{
    "@class": "com.kony.gen.viz.model.component.KVizButton",
    "DNDConfig": null,
    "__parentReadjusting__": false,
    "_bottom_": {
        "type": "number",
        "value": "0"
    },
    "_height_": {
        "type": "string",
        "value": "10%"
    },
    "_margin_": [
        6,
        6,
        6,
        6
    ],
    "_padding_": [
        0,
        0,
        0,
        0
    ],
    "_skin_": "sbd6615e8c044a689caa260a076d762b",
    "_text_": "Back",
    "_top_": {
        "type": "string",
        "value": "0dp"
    },
    "_width_": {
        "type": "string",
        "value": "300dp"
    },
    "canUpdateUI": true,
    "centerx": {
        "type": "string",
        "value": "50%"
    },
    "containerweight": 100,
    "contentalignment": 5,
    "displaytext": true,
    "focusskin": "s95715ca05414db3a1f96e6487c4e955",
    "id": "btnBack",
    "info": null,
    "iscustomlayout": false,
    "isvisible": true,
    "kuid": "cd558fe71fde4027a830a458e49a8ccd",
    "name": "kony.ui.Button",
    "onclick": "AS_Button_db897196bdf8461ab49c8a1799fce673",
    "parent": "flxView",
    "pf": "frmView",
    "retaincontentalignment": false,
    "retainflexpositionproperties": false,
    "wType": "Button",
    "zindex": 1
}