{
    "@class": "com.kony.gen.viz.model.component.KVizButton",
    "DNDConfig": null,
    "__parentReadjusting__": false,
    "_height_": {
        "type": "string",
        "value": "50dp"
    },
    "_left_": {
        "type": "number",
        "value": "0"
    },
    "_margin_": [
        6,
        6,
        6,
        6
    ],
    "_padding_": [
        0,
        0,
        0,
        0
    ],
    "_skin_": "sbd6615e8c044a689caa260a076d762b",
    "_text_": "Add",
    "_width_": {
        "type": "string",
        "value": "300dp"
    },
    "canUpdateUI": true,
    "centerx": {
        "type": "string",
        "value": "50%"
    },
    "centery": {
        "type": "string",
        "value": "33%"
    },
    "containerweight": 100,
    "contentalignment": 5,
    "displaytext": true,
    "focusskin": "s95715ca05414db3a1f96e6487c4e955",
    "id": "btnAdd",
    "info": null,
    "iscustomlayout": false,
    "isvisible": true,
    "kuid": "adfe0f0c198f4aacbe1b264d80a97a7c",
    "name": "kony.ui.Button",
    "onclick": "AS_Button_bde167617dd84db795b86b3bd42dadae",
    "parent": "flxMenu",
    "pf": "frmMenu",
    "retaincontentalignment": false,
    "retainflexpositionproperties": false,
    "wType": "Button",
    "zindex": 1
}