{
    "@class": "com.kony.gen.viz.model.component.KVizButton",
    "DNDConfig": null,
    "__parentReadjusting__": false,
    "_bottom_": {
        "type": "number",
        "value": "0"
    },
    "_height_": {
        "type": "string",
        "value": "50dp"
    },
    "_margin_": [
        6,
        6,
        6,
        6
    ],
    "_padding_": [
        0,
        0,
        0,
        0
    ],
    "_skin_": "sbd6615e8c044a689caa260a076d762b",
    "_text_": "Exit",
    "_width_": {
        "type": "string",
        "value": "300dp"
    },
    "canUpdateUI": true,
    "centerx": {
        "type": "string",
        "value": "50%"
    },
    "containerweight": 100,
    "contentalignment": 5,
    "displaytext": true,
    "focusskin": "s95715ca05414db3a1f96e6487c4e955",
    "id": "btnExit",
    "info": null,
    "iscustomlayout": false,
    "isvisible": true,
    "kuid": "bff8ac8002224f9094fc064fe5bf0a84",
    "name": "kony.ui.Button",
    "onclick": "AS_Button_d7719f46e31d4c88ac3151007fe61496",
    "parent": "flxMenu",
    "pf": "frmMenu",
    "retaincontentalignment": false,
    "retainflexpositionproperties": false,
    "wType": "Button",
    "zindex": 1
}