{
    "@class": "com.kony.gen.viz.model.component.KVizButton",
    "DNDConfig": null,
    "__parentReadjusting__": false,
    "_height_": {
        "type": "string",
        "value": "50dp"
    },
    "_margin_": [
        6,
        6,
        6,
        6
    ],
    "_padding_": [
        0,
        0,
        0,
        0
    ],
    "_skin_": "sbd6615e8c044a689caa260a076d762b",
    "_text_": "View",
    "_width_": {
        "type": "string",
        "value": "300dp"
    },
    "canUpdateUI": true,
    "centerx": {
        "type": "string",
        "value": "50%"
    },
    "centery": {
        "type": "string",
        "value": "66%"
    },
    "containerweight": 100,
    "contentalignment": 5,
    "displaytext": true,
    "focusskin": "s95715ca05414db3a1f96e6487c4e955",
    "id": "btnView",
    "info": null,
    "iscustomlayout": false,
    "isvisible": true,
    "kuid": "jea5057f9fc64c06a09f4fd6c9b96959",
    "name": "kony.ui.Button",
    "onclick": "AS_Button_eae8d710628d4a16b329a0695c04cdc9",
    "parent": "flxMenu",
    "pf": "frmMenu",
    "retaincontentalignment": false,
    "retainflexpositionproperties": false,
    "wType": "Button",
    "zindex": 1
}