{
    "AS_Button_db897196bdf8461ab49c8a1799fce673": {
        "id": "AS_Button_db897196bdf8461ab49c8a1799fce673",
        "type": "ACTION_SEQUENCE",
        "params": [{
            "datatype": "collection",
            "name": "eventobject"
        }],
        "contextObj": {
            "name": "frmView",
            "type": "forms",
            "platform": "",
            "KUID": "f34197fd746644daba9c2628b3ba2934"
        },
        "language": "js",
        "actions": [{
            "id": "NAVIGATE_TO_FORM___aacae426ddce4ea2b3b03c72764560a5",
            "type": "NAVIGATE_TO_FORM",
            "formId": "frmMenu",
            "formKUID": "eb6513f115154986b630936c34162898",
            "mappings": {},
            "mappingsOrder": [],
            "parentId": "",
            "callbackType": null,
            "enableMappingEditor": true,
            "package": ""
        }]
    }
}