{
    "AS_Button_d7719f46e31d4c88ac3151007fe61496": {
        "id": "AS_Button_d7719f46e31d4c88ac3151007fe61496",
        "type": "ACTION_SEQUENCE",
        "params": [{
            "datatype": "collection",
            "name": "eventobject"
        }],
        "contextObj": {
            "name": "frmMenu",
            "type": "forms",
            "platform": "",
            "KUID": "eb6513f115154986b630936c34162898"
        },
        "language": "js",
        "actions": [{
            "id": "EXIT_APP__a04df3997d41409bb925ed8d631d49c8",
            "type": "EXIT_APP",
            "parentId": null,
            "callbackType": null
        }]
    }
}