{
    "AS_Button_bde167617dd84db795b86b3bd42dadae": {
        "id": "AS_Button_bde167617dd84db795b86b3bd42dadae",
        "type": "ACTION_SEQUENCE",
        "params": [{
            "datatype": "collection",
            "name": "eventobject"
        }],
        "contextObj": {
            "name": "frmMenu",
            "type": "forms",
            "platform": "",
            "KUID": "eb6513f115154986b630936c34162898"
        },
        "language": "js",
        "actions": [{
            "id": "NAVIGATE_TO_FORM___hdb2cca1a5234535876ea55879a785bf",
            "type": "NAVIGATE_TO_FORM",
            "formId": "frmAdd",
            "formKUID": "bc37b97ae332458eac376b68fa1188e3",
            "mappings": {},
            "mappingsOrder": [],
            "parentId": "",
            "callbackType": null,
            "enableMappingEditor": true,
            "package": ""
        }]
    }
}