{
    "AS_Button_f9f2ea7802644700bfba6a046fa81d6b": {
        "id": "AS_Button_f9f2ea7802644700bfba6a046fa81d6b",
        "type": "ACTION_SEQUENCE",
        "params": [{
            "datatype": "collection",
            "name": "eventobject"
        }],
        "contextObj": {
            "name": "frmAdd",
            "type": "forms",
            "platform": "",
            "KUID": "bc37b97ae332458eac376b68fa1188e3"
        },
        "language": "js",
        "actions": [{
            "id": "NAVIGATE_TO_FORM___eb9245eb783746b18b25f13bdc7ed557",
            "type": "NAVIGATE_TO_FORM",
            "formId": "frmMenu",
            "formKUID": "eb6513f115154986b630936c34162898",
            "mappings": {},
            "mappingsOrder": [],
            "parentId": "",
            "callbackType": null,
            "enableMappingEditor": true,
            "package": ""
        }]
    }
}