{
    "AS_Button_eae8d710628d4a16b329a0695c04cdc9": {
        "id": "AS_Button_eae8d710628d4a16b329a0695c04cdc9",
        "type": "ACTION_SEQUENCE",
        "params": [{
            "datatype": "collection",
            "name": "eventobject"
        }],
        "contextObj": {
            "name": "frmMenu",
            "type": "forms",
            "platform": "",
            "KUID": "eb6513f115154986b630936c34162898"
        },
        "language": "js",
        "actions": [{
            "id": "NAVIGATE_TO_FORM___h787aa4c596a4a68930ecbba8ceb19c2",
            "type": "NAVIGATE_TO_FORM",
            "formId": "frmView",
            "formKUID": "f34197fd746644daba9c2628b3ba2934",
            "mappings": {},
            "mappingsOrder": [],
            "parentId": "",
            "callbackType": null,
            "enableMappingEditor": true,
            "package": ""
        }]
    }
}