{
    "@class": "com.kony.gen.viz.model.component.KVizButton",
    "DNDConfig": null,
    "__parentReadjusting__": false,
    "_height_": {
        "type": "string",
        "value": "50dp"
    },
    "_margin_": [
        6,
        6,
        6,
        6
    ],
    "_padding_": [
        0,
        0,
        0,
        0
    ],
    "_skin_": "sbd6615e8c044a689caa260a076d762b",
    "_text_": "Add",
    "_width_": {
        "type": "string",
        "value": "300dp"
    },
    "canUpdateUI": true,
    "centerx": {
        "type": "string",
        "value": "50%"
    },
    "centery": {
        "type": "string",
        "value": "75%"
    },
    "containerweight": 100,
    "contentalignment": 5,
    "displaytext": true,
    "focusskin": "s95715ca05414db3a1f96e6487c4e955",
    "id": "btnAdd",
    "info": null,
    "iscustomlayout": false,
    "isvisible": true,
    "kuid": "dabb4b7596c24e5e9399cccbdf016a32",
    "name": "kony.ui.Button",
    "onclick": "AS_Button_i2ceb82c7ac04c2db86fe3d336d5c83f",
    "parent": "flxAdd",
    "pf": "frmAdd",
    "retaincontentalignment": false,
    "retainflexpositionproperties": false,
    "wType": "Button",
    "zindex": 1
}