{
    "DNDConfig": null,
    "__parentReadjusting__": false,
    "_height_": {
        "type": "string",
        "value": "100%"
    },
    "_left_": {
        "type": "string",
        "value": "0dp"
    },
    "_margin_": [
        0,
        0,
        0,
        0
    ],
    "_orientation_": 6,
    "_padding_": [
        0,
        0,
        0,
        0
    ],
    "_percent_": true,
    "_skin_": "s35a412c0082485998ccd0f19e451f0d",
    "_top_": {
        "type": "string",
        "value": "0dp"
    },
    "_width_": {
        "type": "string",
        "value": "100%"
    },
    "allboxes": [],
    "canUpdateUI": true,
    "children": [
        "lblAdd",
        "flxFirstName",
        "flxLastName",
        "btnBack",
        "btnAdd"
    ],
    "clipbounds": true,
    "containerweight": 100,
    "enablescrolling": true,
    "id": "flxAdd",
    "info": null,
    "iscustomlayout": false,
    "isvisible": true,
    "kuid": "afc7ea3c98894edd9a718bb07aad2bbe",
    "layouttype": 2,
    "name": "kony.ui.FlexContainer",
    "parent": "frmAdd",
    "pf": "frmAdd",
    "retaincontentalignment": false,
    "retainflexpositionproperties": false,
    "snapgridsize": 10,
    "snaptogrid": true,
    "wType": "FlexContainer",
    "widgetalignment": 1
}