{
    "DNDConfig": null,
    "__parentReadjusting__": false,
    "_height_": {
        "type": "string",
        "value": "100dp"
    },
    "_margin_": [
        0,
        0,
        0,
        0
    ],
    "_orientation_": 6,
    "_padding_": [
        0,
        0,
        0,
        0
    ],
    "_percent_": true,
    "_skin_": "s35a412c0082485998ccd0f19e451f0d",
    "_width_": {
        "type": "string",
        "value": "100%"
    },
    "allboxes": [],
    "autogrowmode": 0,
    "canUpdateUI": true,
    "centerx": {
        "type": "string",
        "value": "50%"
    },
    "centery": {
        "type": "string",
        "value": "25%"
    },
    "children": [
        "txtFirstName",
        "lblFirstName"
    ],
    "clipbounds": true,
    "containerweight": 100,
    "enablescrolling": true,
    "id": "flxFirstName",
    "info": null,
    "iscustomlayout": false,
    "isvisible": true,
    "kuid": "ab1def17f50a4dab966fb18eb65a415c",
    "layouttype": 3,
    "name": "kony.ui.FlexContainer",
    "parent": "flxAdd",
    "pf": "frmAdd",
    "retaincontentalignment": false,
    "retainflexpositionproperties": false,
    "reverselayoutdirection": true,
    "snapgridsize": 10,
    "snaptogrid": true,
    "wType": "FlexContainer",
    "widgetalignment": 1,
    "zindex": 1
}