{
    "@class": "com.kony.gen.viz.model.component.KVizTextBox2",
    "DNDConfig": null,
    "__parentReadjusting__": false,
    "_height_": {
        "type": "string",
        "value": "40dp"
    },
    "_margin_": [
        0,
        0,
        0,
        0
    ],
    "_padding_": [
        3,
        0,
        0,
        0
    ],
    "_placeholder_": "Placeholder",
    "_right_": {
        "type": "string",
        "value": "10dp"
    },
    "_skin_": "s308513f726c481c85f545f399e25170",
    "_text_": "",
    "_width_": {
        "type": "string",
        "value": "45%"
    },
    "autocapitalize": "none",
    "autocomplete": false,
    "autocorrect": false,
    "autofilter": false,
    "canUpdateUI": true,
    "centery": {
        "type": "string",
        "value": "50%"
    },
    "containerheight": "",
    "containerheightmode": 1,
    "containerweight": 100,
    "contentalignment": 4,
    "focusskin": "sabeabf6ad6245a681b142838a5612e8",
    "id": "txtFirstName",
    "info": null,
    "iscustomlayout": false,
    "isvisible": true,
    "keyboardtype": "A",
    "kuid": "eea4d6c8e4214e3ea8595d9a6c370678",
    "mode": "A",
    "name": "kony.ui.TextBox2",
    "parent": "flxFirstName",
    "pf": "frmAdd",
    "placeholderskin": "sa68055bb9f941448f06d0d8d4c05651",
    "retaincontentalignment": false,
    "retainflexpositionproperties": false,
    "securetextentry": false,
    "textinputmode": "A",
    "tooltip": "",
    "viewtype": "default",
    "wType": "TextField",
    "zindex": 1
}