{
    "DNDConfig": null,
    "_height_": {
        "type": "string",
        "value": "100dp"
    },
    "_left_": {
        "type": "string",
        "value": "0dp"
    },
    "_margin_": [
        0,
        0,
        0,
        0
    ],
    "_orientation_": 6,
    "_padding_": [
        0,
        0,
        0,
        0
    ],
    "_percent_": true,
    "_skin_": "s35a412c0082485998ccd0f19e451f0d",
    "_top_": {
        "type": "string",
        "value": "0dp"
    },
    "_width_": {
        "type": "string",
        "value": "100%"
    },
    "allboxes": [],
    "autogrowmode": 0,
    "canUpdateUI": true,
    "children": [
        "txtFirstName",
        "lblFirstName",
        "txtLastName",
        "lblLastName"
    ],
    "clipbounds": true,
    "containerId": true,
    "containerweight": 100,
    "controllerInfo": {
        "default": {
            "channel": "mobile",
            "name": "flxViewDetailsController"
        }
    },
    "enablescrolling": true,
    "id": "flxViewDetails",
    "info": null,
    "isTemplate": true,
    "iscustomlayout": false,
    "isvisible": true,
    "kuid": "f8b3ff02c9ba43ad8544fa9d61806179",
    "layouttype": 2,
    "name": "kony.ui.FlexContainer",
    "parent": "segViewDetails",
    "pf": "segViewDetails",
    "retaincontentalignment": false,
    "retainflexpositionproperties": false,
    "snapgridsize": 10,
    "snaptogrid": true,
    "wType": "FlexContainer",
    "widgetalignment": 1
}